{"cameraMode":{"drawMode":0,"name":"Shaded","section":"Shading Mode"},"sceneLighting":false,"audioPlay":false,"sceneViewState":{"showFog":true,"showMaterialUpdate":false,"showSkybox":true,"showFlares":true,"showImageEffects":true,"showParticleSystems":true},"in2DMode":false,"pivot":{"x":-0.0014282464981079102,"y":1.1001503467559815,"z":-0.0948706865310669},"rotation":{"x":-0.17436577379703523,"y":0.07730476558208466,"z":-0.013732712715864182,"w":-0.9815456867218018},"size":3.4602413177490236,"orthographic":false}