{"cameraMode":{"drawMode":0,"name":"Shaded","section":"Shading Mode"},"sceneLighting":false,"audioPlay":false,"sceneViewState":{"showFog":true,"showMaterialUpdate":false,"showSkybox":true,"showFlares":true,"showImageEffects":true,"showParticleSystems":true},"in2DMode":false,"pivot":{"x":1.1587262153625489,"y":0.543701708316803,"z":0.29806065559387209},"rotation":{"x":-0.0374191552400589,"y":0.8651042580604553,"z":-0.06527534872293472,"w":-0.4959169328212738},"size":3.760742425918579,"orthographic":false}