{"cameraMode":{"drawMode":0,"name":"Shaded","section":"Shading Mode"},"sceneLighting":false,"audioPlay":false,"sceneViewState":{"showFog":true,"showMaterialUpdate":false,"showSkybox":true,"showFlares":true,"showImageEffects":true,"showParticleSystems":true},"in2DMode":false,"pivot":{"x":-0.7999999523162842,"y":1.0999999046325684,"z":0.019999921321868898},"rotation":{"x":-0.15198761224746705,"y":0.7352890968322754,"z":-0.17550896108150483,"w":-0.6367467641830444},"size":4.041658401489258,"orthographic":false}