{"cameraMode":{"drawMode":0,"name":"Shaded","section":"Shading Mode"},"sceneLighting":false,"audioPlay":false,"sceneViewState":{"showFog":true,"showMaterialUpdate":false,"showSkybox":true,"showFlares":true,"showImageEffects":true,"showParticleSystems":true},"in2DMode":false,"pivot":{"x":12.855378150939942,"y":2.6378583908081056,"z":-10.846826553344727},"rotation":{"x":-0.0839960128068924,"y":-0.07140395045280457,"z":0.006035061087459326,"w":-0.9938861727714539},"size":58.75137710571289,"orthographic":false}