{"cameraMode":{"drawMode":0,"name":"Shaded","section":"Shading Mode"},"sceneLighting":false,"audioPlay":false,"sceneViewState":{"showFog":true,"showMaterialUpdate":false,"showSkybox":true,"showFlares":true,"showImageEffects":true,"showParticleSystems":true},"in2DMode":false,"pivot":{"x":-0.0014282464981079102,"y":1.1001503467559815,"z":-0.0948706865310669},"rotation":{"x":-0.045034151524305347,"y":0.8530553579330444,"z":-0.07467029988765717,"w":-0.5144830942153931},"size":3.4602413177490236,"orthographic":false}