{"cameraMode":{"drawMode":0,"name":"Shaded","section":"Shading Mode"},"sceneLighting":false,"audioPlay":false,"sceneViewState":{"showFog":true,"showMaterialUpdate":false,"showSkybox":true,"showFlares":true,"showImageEffects":true,"showParticleSystems":true},"in2DMode":false,"pivot":{"x":0.0,"y":0.4199999272823334,"z":0.47700005769729617},"rotation":{"x":-0.035640791058540347,"y":0.815204918384552,"z":-0.05045296624302864,"w":-0.5758690237998962},"size":3.496668577194214,"orthographic":false}