{"cameraMode":{"drawMode":0,"name":"Shaded","section":"Shading Mode"},"sceneLighting":false,"audioPlay":false,"sceneViewState":{"showFog":true,"showMaterialUpdate":false,"showSkybox":true,"showFlares":true,"showImageEffects":true,"showParticleSystems":true},"in2DMode":false,"pivot":{"x":0.0,"y":0.4199999272823334,"z":0.47700005769729617},"rotation":{"x":0.06530899554491043,"y":0.9078594446182251,"z":-0.1542622596025467,"w":0.3843555748462677},"size":3.496668577194214,"orthographic":false}