{"cameraMode":{"drawMode":0,"name":"Shaded","section":"Shading Mode"},"sceneLighting":true,"audioPlay":false,"sceneViewState":{"showFog":true,"showMaterialUpdate":false,"showSkybox":true,"showFlares":true,"showImageEffects":true,"showParticleSystems":true},"in2DMode":false,"pivot":{"x":0.0,"y":-0.21500003337860108,"z":2.884999990463257},"rotation":{"x":-0.0839960128068924,"y":-0.07140395045280457,"z":0.006035061087459326,"w":-0.9938861727714539},"size":11.535588264465332,"orthographic":false}