{"cameraMode":{"drawMode":0,"name":"Shaded","section":"Shading Mode"},"sceneLighting":false,"audioPlay":false,"sceneViewState":{"showFog":true,"showMaterialUpdate":false,"showSkybox":true,"showFlares":true,"showImageEffects":true,"showParticleSystems":true},"in2DMode":false,"pivot":{"x":0.0,"y":-0.10000000894069672,"z":0.30000001192092898},"rotation":{"x":-0.17436577379703523,"y":0.07730476558208466,"z":-0.013732712715864182,"w":-0.9815456867218018},"size":2.8578836917877199,"orthographic":false}